price,area,price_per_sqft,basement_yes,airconditioning_yes,prefarea_yes,furnishingstatus_semi-furnished,furnishingstatus_unfurnished,bedrooms_2,bedrooms_3,bedrooms_4,bedrooms_5,bedrooms_6,bathrooms_2,bathrooms_3,bathrooms_4,stories_2,stories_3,stories_4,parking_1.0,parking_2.0,parking_3.0
2.948408253362283,1.0467262882352133,2.816790106927874,0,1,1,0,0,0,0,1,0,0,1,0,0,0,1,0,0,1,0
2.7272332053461765,1.7570095257333957,1.5522017185466301,0,1,0,0,0,0,0,1,0,0,0,0,1,0,0,1,0,0,1
2.7272332053461765,2.218232407225722,1.2294623396820024,1,0,1,1,0,0,1,0,0,0,1,0,0,1,0,0,0,1,0
2.7195380713303248,1.0836241187545992,2.5096691964145914,1,1,1,0,0,0,0,1,0,0,1,0,0,1,0,0,0,0,1
2.5361862226607776,1.0467262882352133,2.4229698357311755,1,1,0,0,0,0,0,1,0,0,0,0,0,1,0,0,0,1,0
2.4008395514237746,1.0836241187545992,2.2155648899574523,1,1,1,1,0,0,1,0,0,0,0,1,0,0,0,0,0,1,0
2.2214766007570335,1.5817448307663118,1.4044468852038474,0,1,1,1,0,0,0,1,0,0,0,1,0,0,0,1,0,1,0
2.2214766007570335,5.096263187737839,0.4359030369746497,0,0,0,0,1,0,0,0,1,0,0,1,0,1,0,0,0,0,0
2.146242394211475,1.3603578476499951,1.5777042767967913,1,1,1,0,0,0,0,1,0,0,0,0,0,1,0,0,0,1,0
2.127100338287521,0.2764840761430282,7.693391850846227,0,1,1,0,1,0,1,0,0,0,1,0,0,0,0,1,1,0,0
2.127100338287521,3.712594543260859,0.5729417294298016,1,1,1,0,0,0,1,0,0,0,0,0,0,1,0,0,0,1,0
2.094242863441089,0.39178979651610985,5.345322624692132,1,0,0,1,0,0,0,1,0,0,0,1,0,1,0,0,0,1,0
1.989149715738094,0.6454623813368893,3.08174383705855,0,1,1,1,0,0,0,1,0,0,1,0,0,1,0,0,1,0,0
1.9688519023817672,-0.761267407214706,-2.5862816189455975,0,0,0,0,0,0,0,1,0,0,1,0,0,1,0,0,0,1,0
1.9688519023817672,1.2219909832022973,1.6111836580187182,0,0,1,1,0,0,1,0,0,0,1,0,0,1,0,0,0,0,0
1.927790837571134,0.39178979651610985,4.920472290788374,1,0,0,1,0,0,0,1,0,0,0,0,0,1,0,0,0,1,0
1.927790837571134,0.6685235254115056,2.883654447888717,1,1,1,0,1,0,0,1,0,0,1,0,0,1,0,0,1,0,0
1.8860931417943996,1.5448470002469257,1.22089316384919,0,1,0,0,0,0,1,0,0,0,1,0,0,0,0,1,0,1,0
1.8649993277504173,-0.253922237573147,-7.344765647841968,0,1,0,0,0,0,1,0,0,0,1,0,0,1,0,0,0,1,0
1.854390053622814,0.5855034067428869,3.1671720988587437,0,1,1,1,0,0,1,0,0,0,1,0,0,1,0,0,1,0,0
1.8223087884859688,-0.3830646443909984,-4.75718345498343,1,0,0,1,0,0,1,0,0,0,0,0,0,1,0,0,0,1,0
1.8007066843651145,0.9245022246397467,1.9477580868632314,1,1,0,0,1,0,1,0,0,0,1,0,0,0,0,0,0,1,0
1.7898402150217114,1.3372967035753787,1.3384017250894424,1,1,0,0,0,0,1,0,0,0,0,0,0,0,0,0,1,0,0
1.7898402150217114,-0.2723711528328401,-6.571328117556465,1,1,0,0,0,0,1,0,0,0,1,0,0,1,0,0,1,0,0
1.7679746677219876,1.6832138646946235,1.0503565261700964,0,1,0,0,0,0,1,0,0,0,1,0,0,1,0,0,0,1,0
1.7569748670969216,0.6408501525219661,2.7416313473323215,1,1,1,0,0,0,0,1,0,0,1,0,0,1,0,0,0,1,0
1.7326157688814852,0.39178979651610985,4.422309575921389,1,1,1,1,0,0,1,0,0,0,1,0,0,0,0,1,0,0,0
1.7125201772256002,1.717805580806548,0.996923165438509,0,0,0,1,0,0,1,0,0,0,0,0,0,0,0,0,1,0,0
1.7125201772256002,1.2911744154261462,1.326327533108988,1,0,0,0,1,0,0,0,1,0,1,0,0,1,0,0,0,1,0
1.7125201772256002,0.16117835576994666,10.625000913087346,1,1,1,1,0,0,0,1,0,0,1,0,0,1,0,0,1,0,0
1.7125201772256002,1.0720935467172912,1.5973607736650133,0,1,0,0,1,0,1,0,0,0,1,0,0,0,0,1,0,1,0
1.7125201772256002,0.8530126780084362,2.0076139796935863,0,1,0,1,0,0,1,0,0,0,0,0,0,0,0,1,0,1,0
1.6786902028192148,-0.12477983075529565,-13.453217500441042,0,1,1,0,0,0,0,1,0,0,1,0,0,1,0,0,1,0,0
1.6444292617419707,0.3733408812564168,4.404632185492027,1,0,0,0,1,0,1,0,0,0,0,1,0,1,0,0,1,0,0
1.6213437336983778,0.779217016969664,2.080734504494913,1,1,0,0,0,0,0,0,1,0,0,0,0,1,0,0,1,0,0
1.6083753475379607,0.8530126780084362,1.8855233796678157,0,1,0,0,0,0,1,0,0,0,1,0,0,0,0,1,0,1,0
1.5957186610692042,1.0753221068877374,1.4839448113715714,0,0,1,0,0,0,1,0,0,0,1,0,0,0,1,0,1,0,0
1.5745695546761778,1.7754584409930887,0.8868523860211871,0,1,0,0,0,0,0,1,0,0,1,0,0,0,0,1,0,1,0
1.5686651670056002,0.39178979651610985,4.003843849315507,0,1,0,0,1,0,1,0,0,0,0,0,0,0,0,1,0,1,0
1.5508738286710877,0.39178979651610985,3.958433431553948,0,1,0,1,0,0,0,1,0,0,1,0,0,0,0,1,1,0,0
1.5389472126568056,0.6454623813368893,2.3842554688769315,1,1,1,0,0,0,1,0,0,0,0,0,0,1,0,0,0,0,0
1.526967471228861,0.5578300338533473,2.7373346334204345,0,1,1,0,0,0,1,0,0,0,1,0,0,0,0,1,0,0,0
1.4785076465834803,0.6131767796324264,2.4112257601629716,0,1,0,0,1,0,1,0,0,0,1,0,0,0,0,1,0,1,0
1.4785076465834803,0.39178979651610985,3.773726778315132,0,0,0,1,0,0,0,1,0,0,1,0,0,0,0,1,0,1,0
1.429158601396437,0.39178979651610985,3.647768814055044,0,1,0,0,0,0,0,1,0,0,1,0,0,0,0,1,1,0,0
1.429158601396437,0.39178979651610985,3.647768814055044,0,1,0,1,0,0,1,0,0,0,1,0,0,0,1,0,0,0,0
1.4166785441817762,0.39178979651610985,3.61591485224788,0,1,0,0,0,0,1,0,0,0,1,0,0,0,0,1,1,0,0
1.4041403046719285,0.6685235254115056,2.100360348287846,0,1,1,0,0,0,1,0,0,0,0,0,0,0,0,1,0,0,1
1.391543337830708,-0.39228910202084494,-3.5472393463450484,1,0,0,0,1,0,1,0,0,0,1,0,0,1,0,0,1,0,0
1.3788870909272466,1.0559507458650597,1.305825197175868,1,1,1,1,0,0,1,0,0,0,1,0,0,0,0,0,0,0,0
1.3788870909272466,1.0559507458650597,1.305825197175868,0,0,1,0,1,0,1,0,0,0,1,0,0,0,0,1,1,0,0
1.3788870909272466,0.5416872330011159,2.5455410556526927,0,1,0,0,1,0,1,0,0,0,0,0,0,0,0,1,1,0,0
1.3533945066600666,0.39178979651610985,3.454389365661841,0,1,0,0,0,0,0,1,0,0,1,0,0,0,0,1,1,0,0
1.3533945066600666,-0.00024965275236754836,-5421.107894166323,0,1,0,1,0,0,1,0,0,0,1,0,0,0,0,1,0,1,0
1.3533945066600666,0.39178979651610985,3.454389365661841,0,1,0,1,0,0,1,0,0,0,1,0,0,1,0,0,1,0,0
1.3533945066600666,0.39178979651610985,3.454389365661841,0,1,0,0,1,0,1,0,0,0,0,0,0,1,0,0,1,0,0
1.350831907606022,2.900842271834365,0.4656688578768591,1,0,1,1,0,0,0,1,0,0,0,0,0,1,0,0,1,0,0
1.3146967526374838,1.7754584409930887,0.7404829774005403,0,1,1,0,0,0,0,1,0,0,1,0,0,0,0,1,1,0,0
1.301672768329503,1.166644237423218,1.1157409659045026,0,1,0,1,0,0,0,1,0,0,1,0,0,0,0,1,1,0,0
1.301672768329503,0.39178979651610985,3.322375365321644,0,1,0,0,0,0,1,0,0,0,1,0,0,0,0,1,1,0,0
1.2754340479765995,0.39178979651610985,3.255403941904739,0,0,0,1,0,0,1,0,0,0,1,0,0,1,0,0,1,0,0
1.248936813901794,1.7201116952140096,0.7260789036995683,0,1,0,1,0,1,0,0,0,0,0,0,0,0,0,0,1,0,0
1.248936813901794,0.5024832880742681,2.4855290584653202,0,1,0,0,0,0,0,1,0,0,1,0,0,1,0,0,1,0,0
1.2355896524939927,0.5578300338533473,2.2149930579371198,0,1,1,0,0,0,0,1,0,0,1,0,0,0,1,0,0,1,0
1.2221759214273085,2.7786182082388984,0.4398502528355378,1,1,1,0,0,0,1,0,0,0,0,0,0,0,0,0,1,0,0
1.1951460707543173,1.7201116952140096,0.6948072465757068,1,1,0,0,0,0,1,0,0,0,1,0,0,1,0,0,1,0,0
1.1951460707543173,3.712594543260859,0.32191666954953624,1,0,0,0,0,1,0,0,0,0,0,0,0,0,0,0,1,0,0
1.1815285859465787,1.1758686950530646,1.0048133698237955,0,0,0,0,1,0,1,0,0,0,1,0,0,0,0,0,0,1,0
1.1678418006633273,0.39178979651610985,2.9807866642982046,0,1,0,0,0,0,1,0,0,0,0,0,0,0,0,0,1,0,0
1.1402574818915256,3.200637144804377,0.3562595290573678,0,0,1,0,0,0,0,1,0,0,1,0,0,1,0,0,0,1,0
1.1402574818915256,-0.5306559664685429,-2.148769737726335,1,1,1,1,0,0,1,0,0,0,1,0,0,1,0,0,0,0,0
1.126358497449477,0.39178979651610985,2.87490513399106,0,1,0,0,1,0,0,1,0,0,1,0,0,0,0,1,0,0,0
1.1123873101669448,-0.06020862734636997,-18.475546764545392,0,1,1,0,1,0,1,0,0,0,0,0,0,0,0,1,0,0,0
1.0983431659621388,0.6685235254115056,1.6429386913288657,1,0,1,0,0,1,0,0,0,0,1,0,0,0,0,1,0,0,0
1.084225298877886,-0.5122070512088498,-2.116771521046083,1,0,0,0,0,0,1,0,0,0,0,0,0,1,0,0,1,0,0
1.084225298877886,-0.410738017280538,-2.639700376547686,0,0,0,1,0,0,0,1,0,0,1,0,0,1,0,0,0,0,0
1.084225298877886,0.5855034067428869,1.8517830748575024,0,1,1,0,0,0,1,0,0,0,1,0,0,0,1,0,0,0,0
1.084225298877886,0.622401237262273,1.742003765363669,0,1,1,0,0,0,1,0,0,0,1,0,0,0,1,0,0,0,0
1.084225298877886,0.25342293206841193,4.278323551971207,1,1,1,0,0,0,1,0,0,0,0,0,0,0,0,0,0,1,0
1.084225298877886,0.39178979651610985,2.767364817866828,0,1,0,0,0,0,1,0,0,0,1,0,0,0,1,0,0,0,0
1.0757188684746608,0.39178979651610985,2.7456530977585802,0,0,1,1,0,0,1,0,0,0,0,0,0,1,0,0,1,0,0
1.0700329308309033,-0.5306559664685429,-2.016434372634788,1,1,0,1,0,0,1,0,0,0,1,0,0,1,0,0,1,0,0
1.0700329308309033,2.4672927632315784,0.433687054401039,1,1,1,0,0,0,1,0,0,0,1,0,0,0,0,0,1,0,0
1.0557652713545234,0.39178979651610985,2.6947237542749836,0,1,0,1,0,0,1,0,0,0,1,0,0,0,0,1,0,0,0
1.0270008527376597,-0.6413494580267012,-1.6013124200611748,0,0,0,1,0,0,1,0,0,0,0,0,0,1,0,0,0,1,0
1.0270008527376597,1.429541279873844,0.7184128693564497,0,1,0,0,0,0,1,0,0,0,1,0,0,0,1,0,0,0,0
1.0270008527376597,0.7008091271159684,1.4654501675285885,1,0,1,0,1,0,1,0,0,0,0,0,0,0,1,0,0,0,0
1.0125024483335276,-0.5491048817282359,-1.843914490701318,1,0,0,1,0,0,1,0,0,0,0,0,0,0,0,0,0,1,0
1.0125024483335276,1.04211405942029,0.9715850574905066,1,1,1,0,1,0,1,0,0,0,0,0,0,0,0,0,0,1,0
0.9979254614079867,1.5817448307663118,0.630901673896743,0,0,0,0,0,0,0,0,1,0,0,1,0,1,0,0,0,1,0
0.9979254614079867,-0.0694330849762165,-14.37247764160003,0,1,0,1,0,0,1,0,0,0,0,0,0,1,0,0,0,0,0
0.9891411939240238,0.7377069576353545,1.3408321335271345,1,0,1,0,0,1,0,0,0,0,0,0,0,0,0,0,0,1,0
0.9832690354694668,-0.16167766127468175,-6.081662907029221,0,1,0,0,0,0,1,0,0,0,1,0,0,0,0,1,0,0,0
0.9388143455981454,0.9452572543069014,0.9931839626943881,1,1,0,1,0,0,1,0,0,0,1,0,0,0,0,0,0,0,1
0.9388143455981454,0.39178979651610985,2.396219487966024,0,0,0,1,0,0,0,1,0,0,1,0,0,0,0,1,1,0,0
0.9388143455981454,-0.48453367831931016,-1.9375626248614692,0,1,0,1,0,0,1,0,0,0,1,0,0,0,1,0,0,1,0
0.9388143455981454,1.7754584409930887,0.5287729207973052,1,0,1,0,0,0,1,0,0,0,0,0,0,0,0,0,1,0,0
0.9388143455981454,0.5762789491130403,1.6290970666950246,1,1,1,1,0,0,1,0,0,0,0,0,0,0,0,0,1,0,0
0.9358244092104375,0.6685235254115056,1.3998376626079037,0,1,1,0,1,0,1,0,0,0,1,0,0,0,1,0,0,0,0
0.9238313123966446,0.39178979651610985,2.3579769575715788,1,0,1,0,1,0,0,1,0,0,0,0,0,0,1,0,0,0,0
0.9087643401959362,0.6685235254115056,1.359360300202677,1,1,1,0,1,0,1,0,0,0,1,0,0,0,0,0,0,0,0
0.9087643401959362,0.16117835576994666,5.638252951860578,0,0,1,0,1,0,1,0,0,0,0,0,0,0,1,0,1,0,0
0.8936124831970188,0.16117835576994666,5.544246179508687,0,1,0,1,0,0,1,0,0,0,1,0,0,0,0,1,1,0,0
0.8936124831970188,0.553217805038424,1.6152995710883755,0,1,0,0,0,0,1,0,0,0,1,0,0,0,1,0,0,0,0
0.8936124831970188,0.16117835576994666,5.544246179508687,1,0,1,0,0,0,1,0,0,0,1,0,0,0,0,0,0,1,0
0.8783747795248202,-0.30004452572237966,-2.927481437663517,0,1,0,0,1,0,1,0,0,0,0,0,0,0,0,1,0,0,0
0.8783747795248202,0.13811721169533034,6.3596330156331815,1,1,1,1,0,0,0,1,0,0,1,0,0,0,0,0,0,0,0
0.8630502508617749,0.5855034067428869,1.4740311344435397,1,0,1,0,1,0,1,0,0,0,0,0,0,0,1,0,0,0,0
0.8553551168459229,-0.8811853564027108,-0.9706869396216076,0,0,0,1,0,0,0,1,0,0,0,0,0,0,1,0,1,0,0
0.847637902070923,0.6754418686338906,1.2549383469302935,0,0,0,1,0,0,0,1,0,0,1,0,0,1,0,0,1,0,0
0.847637902070923,0.6685235254115056,1.2679253157907415,1,0,1,1,0,0,1,0,0,0,0,0,0,0,0,0,0,1,0
0.847637902070923,1.485810471415908,0.5704885773642204,0,1,0,0,1,0,1,0,0,0,0,0,0,0,1,0,0,1,0
0.8445448051184348,-0.39228910202084494,-2.152863285693719,0,0,0,0,0,0,0,0,0,1,1,0,0,1,0,0,0,0,0
0.8445448051184348,2.061416627518331,0.4096914684030435,1,0,1,0,0,0,1,0,0,0,0,0,0,0,0,0,0,1,0
0.8165456771231209,0.7607681017099709,1.0733174475740759,1,0,0,0,0,1,0,0,0,0,0,0,0,0,0,0,0,1,0
0.8165456771231209,1.3142355595007624,0.6213084642400799,1,1,1,1,0,0,1,0,0,0,0,0,0,0,0,0,0,1,0
0.8165456771231209,0.8068903898592035,1.0119660456801354,1,0,1,0,1,0,1,0,0,0,1,0,0,0,0,0,0,0,0
0.785089792178308,-0.6690228309162407,-1.1734872950495743,0,1,0,0,0,0,0,1,0,0,0,0,0,1,0,0,0,0,0
0.785089792178308,0.5855034067428869,1.3408799729205774,1,1,1,0,0,0,1,0,0,0,0,0,0,0,0,0,0,0,0
0.785089792178308,0.8622371356382826,0.9105265358318564,1,1,1,1,0,0,1,0,0,0,0,0,0,0,0,0,0,1,0
0.785089792178308,0.6408501525219661,1.225075454985396,1,0,1,0,0,0,1,0,0,0,0,0,0,0,0,0,0,1,0
0.785089792178308,0.9595551636331635,0.8181809883714477,1,1,1,1,0,0,1,0,0,0,0,0,0,1,0,0,0,0,0
0.785089792178308,0.5089404084151607,1.5425966954030548,1,0,1,1,0,0,0,1,0,0,1,0,0,0,0,0,1,0,0
0.785089792178308,1.0006040000859806,0.7846158841168397,0,0,0,0,0,0,0,1,0,0,1,0,0,1,0,0,0,0,0
0.785089792178308,0.6339318092995812,1.238445177637857,0,0,0,0,0,0,1,0,0,0,1,0,0,0,0,1,1,0,0
0.7819238736211434,4.819529458842443,0.16224070841325372,0,1,0,1,0,0,1,0,0,0,0,0,0,0,0,0,0,1,0
0.7532616396014111,0.9268083390472084,0.8127480168939683,1,0,1,0,1,0,1,0,0,0,0,0,0,0,0,0,0,1,0
0.7532616396014111,0.622401237262273,1.2102508711498512,0,1,0,0,1,0,1,0,0,0,1,0,0,0,1,0,0,0,0
0.7500580090811552,0.16117835576994666,4.653590151718194,0,1,0,0,0,0,1,0,0,0,0,0,0,0,1,0,1,0,0
0.7500580090811552,2.9100667294642113,0.25774598275938937,0,0,1,1,0,0,1,0,0,0,0,0,0,0,1,0,0,1,0
0.7468505578915154,-0.16167766127468175,-4.619380018261497,1,0,0,0,1,0,1,0,0,0,0,0,0,0,0,0,0,0,0
0.7210523024864526,0.3124594608994297,2.3076667303043683,0,0,0,1,0,0,0,1,0,0,0,0,0,0,0,1,0,0,0
0.7210523024864526,0.02281149132224877,31.609169795189473,0,1,0,1,0,0,1,0,0,0,0,0,0,0,1,0,0,0,0
0.7210523024864526,-0.16167766127468175,-4.459814032449561,0,1,0,0,1,0,1,0,0,0,0,0,0,0,1,0,0,0,0
0.7178100507330242,0.8530126780084362,0.8414998618882487,1,0,1,1,0,0,1,0,0,0,0,0,0,0,0,0,0,1,0
0.7048018149560257,0.39178979651610985,1.7989284591464474,0,1,0,0,1,0,1,0,0,0,1,0,0,0,0,1,0,0,0
0.6884525396607543,0.11505606762071403,5.983626538760736,0,1,0,0,1,0,0,1,0,0,1,0,0,1,0,0,0,1,0
0.6884525396607543,-0.23547332231345397,-2.9236965482837585,0,0,0,1,0,0,0,1,0,0,0,0,0,1,0,0,1,0,0
0.6884525396607543,-0.0694330849762165,-9.915338485918863,0,1,0,1,0,0,1,0,0,0,0,0,0,0,1,0,0,0,0
0.6884525396607543,0.5578300338533473,1.2341618376212196,1,1,1,0,0,0,1,0,0,0,0,0,0,0,0,0,0,1,0
0.6884525396607543,0.29954522021764457,2.298325906053637,0,1,0,0,1,0,1,0,0,0,1,0,0,0,0,1,0,0,0
0.6471391696288855,0.6961968983010451,0.9295346922804784,1,0,1,1,0,0,0,1,0,0,1,0,0,1,0,0,1,0,0
0.6220430543686531,2.4672927632315784,0.25211562390914716,0,0,0,1,0,0,0,1,0,0,1,0,0,1,0,0,1,0,0
0.6220430543686531,-0.16167766127468175,-3.8474273407000554,1,0,0,0,1,0,0,0,1,0,1,0,0,0,1,0,0,0,0
0.6220430543686531,-0.2077999494239144,-2.9934706726019353,1,1,0,0,0,0,0,1,0,0,0,0,0,1,0,0,1,0,0
0.6220430543686531,-0.0694330849762165,-8.958885444622355,0,0,0,0,0,0,1,0,0,0,0,0,0,0,0,1,0,0,0
0.6220430543686531,2.4672927632315784,0.25211562390914716,0,0,0,1,0,1,0,0,0,0,0,0,0,0,0,0,1,0,0
0.6220430543686531,0.16117835576994666,3.859346072846832,0,0,0,1,0,0,1,0,0,0,1,0,0,1,0,0,1,0,0
0.6220430543686531,0.5578300338533473,1.1151121607270564,0,0,1,1,0,0,1,0,0,0,0,0,0,0,1,0,0,0,0
0.6220430543686531,0.6685235254115056,0.9304729463121859,1,0,1,1,0,0,0,1,0,0,1,0,0,0,0,0,0,0,0
0.6220430543686531,-0.006706773093260117,-92.74848659987724,1,1,1,0,1,0,1,0,0,0,0,0,0,1,0,0,0,0,0
0.6051812592997918,-0.3461668138716123,-1.7482359228237396,0,1,1,1,0,0,0,1,0,0,0,0,0,1,0,0,0,1,0
0.6051812592997918,0.11505606762071403,5.259881306692933,1,1,1,0,0,0,0,0,1,0,0,0,0,1,0,0,0,0,0
0.5882130799622677,-0.8535119835131713,-0.6891679218622131,1,0,0,1,0,0,1,0,0,0,0,1,0,1,0,0,0,0,0
0.5882130799622677,-0.692083974990857,-0.8499157634303531,0,0,0,1,0,0,1,0,0,0,1,0,0,1,0,0,0,1,0
0.5882130799622677,0.4379120846653424,1.3432218487685423,1,0,1,0,0,0,1,0,0,0,1,0,0,0,0,0,0,1,0
0.5848065595527565,0.8068903898592035,0.7247658007859048,1,0,1,1,0,0,1,0,0,0,0,0,0,0,0,0,0,0,0
0.5711371654311953,-1.076282635273965,-0.5306572332515741,1,0,0,0,0,0,0,1,0,0,1,0,0,1,0,0,1,0,0
0.5711371654311953,1.3050111018709158,0.43764927716889945,0,0,0,1,0,0,1,0,0,0,0,0,0,0,0,0,0,1,0
0.5539521388850237,-0.9226954157370202,-0.6003629469021954,1,1,0,0,0,0,1,0,0,0,1,0,0,0,0,0,0,0,0
0.5539521388850237,0.48864660162949836,1.1336457411915888,0,1,0,0,0,0,0,1,0,0,0,0,0,0,0,1,0,0,0
0.5539521388850237,0.4379120846653424,1.2649848183759542,0,1,1,1,0,0,1,0,0,0,0,0,0,0,1,0,0,0,0
0.5539521388850237,0.6685235254115056,0.8286202621576284,1,0,1,1,0,0,0,1,0,0,1,0,0,1,0,0,0,0,0
0.5366565969393682,0.772298673747279,0.6948821941328097,1,1,1,1,0,0,1,0,0,0,0,0,0,0,0,0,0,0,0
0.5192491089592866,0.7192580423756615,0.7219232575338904,1,0,1,0,0,0,1,0,0,0,1,0,0,1,0,0,1,0,0
0.5157540499830117,0.5993400931876567,0.8605365398465445,1,0,0,0,1,0,1,0,0,0,1,0,0,0,0,0,0,0,0
0.4840924318192259,1.2219909832022973,0.396150575964672,1,1,1,0,1,0,1,0,0,0,0,0,0,0,0,0,0,1,0
0.4663402386281028,-0.253922237573147,-1.8365474528152141,0,1,0,1,0,1,0,0,0,0,1,0,0,0,0,0,0,1,0
0.44847008979985853,-0.410738017280538,-1.0918640859425222,1,1,0,0,0,0,0,1,0,0,0,0,0,1,0,0,0,0,0
0.44847008979985853,0.6408501525219661,0.6998049201283237,0,1,0,1,0,0,0,1,0,0,1,0,0,1,0,0,0,0,0
0.44847008979985853,0.16117835576994666,2.7824461147870845,1,0,0,1,0,0,1,0,0,0,1,0,0,0,0,0,0,0,0
0.44847008979985853,2.3607502776068507,0.1899693051204397,0,0,1,1,0,0,1,0,0,0,0,0,0,0,0,0,1,0,0
0.44847008979985853,1.498724712097693,0.2992344665967084,1,1,1,0,1,0,1,0,0,0,0,0,0,1,0,0,0,1,0
0.44847008979985853,0.0689337794714814,6.5058102607792625,0,1,1,0,1,0,0,1,0,0,1,0,0,0,0,0,0,0,0
0.44847008979985853,-0.6229005427670081,-0.719970619719954,1,0,1,0,1,0,1,0,0,0,0,0,0,1,0,0,1,0,0
0.44847008979985853,2.14443674618695,0.2091318807128673,0,0,0,1,0,0,0,1,0,0,1,0,0,1,0,0,0,1,0
0.44847008979985853,1.554071457876772,0.2885775216620826,0,1,0,0,0,0,1,0,0,0,0,0,0,0,0,0,0,1,0
0.4448817670477395,0.41485094059072614,1.0723894380334562,1,0,1,1,0,0,1,0,0,0,0,0,0,0,0,0,0,0,0
0.4376907266572942,0.8922166229352839,0.4905655368954515,1,0,1,1,0,0,1,0,0,0,0,0,0,0,0,0,0,1,0
0.4304804073151212,-0.9088587292922504,-0.47364941705554875,0,0,0,1,0,0,1,0,0,0,1,0,0,1,0,0,0,1,0
0.4304804073151212,-0.30004452572237966,-1.4347217509758174,1,1,0,1,0,0,0,1,0,0,1,0,0,0,0,0,0,1,0
0.4304804073151212,0.9452572543069014,0.45541084752718014,1,0,1,0,0,0,1,0,0,0,0,0,0,1,0,0,1,0,0
0.3941359690358774,-0.8027774665490154,-0.49096541128663146,0,1,0,1,0,0,1,0,0,0,0,0,0,1,0,0,0,0,0
0.3941359690358774,1.3050111018709158,0.3020173303283232,0,0,1,1,0,0,1,0,0,0,0,0,0,0,0,0,1,0,0
0.3757778943166446,-0.9918788479608691,-0.37885463037061307,1,0,0,0,0,0,1,0,0,0,1,0,0,1,0,0,0,0,0
0.3757778943166446,-0.9918788479608691,-0.37885463037061307,1,0,0,0,1,0,1,0,0,0,0,0,0,1,0,0,0,0,0
0.3757778943166446,2.8870055853895953,0.13016181756570247,0,0,1,0,0,1,0,0,0,0,0,0,0,1,0,0,0,0,0
0.3757778943166446,0.4379120846653424,0.858112638302317,1,1,1,1,0,0,1,0,0,0,0,0,0,0,0,0,0,0,0
0.35729364627263627,0.26264738969825846,1.3603548342251253,0,1,1,0,1,1,0,0,0,0,0,0,0,1,0,0,0,0,0
0.33868147853949,-0.7428184919550129,-0.45594109759992546,1,0,0,1,0,1,0,0,0,0,0,0,0,0,0,0,0,0,0
0.33868147853949,1.1297464069038319,0.2997854000418342,0,1,0,0,0,0,0,1,0,0,0,0,0,1,0,0,0,1,0
0.33868147853949,2.5595373395300434,0.1323213665645039,1,0,0,1,0,0,1,0,0,0,0,0,0,1,0,0,0,0,0
0.33868147853949,0.6685235254115056,0.5066111597658686,1,0,1,0,0,0,1,0,0,0,0,0,0,0,0,0,0,0,0
0.33494353839122226,-0.16167766127468175,-2.071674811167456,1,0,0,1,0,1,0,0,0,0,0,0,0,0,0,0,0,0,0
0.319939608242904,1.3834189917246114,0.23126732404046135,1,0,0,1,0,0,1,0,0,0,1,0,0,0,0,0,0,0,0
0.301066214973761,-0.341554585056689,-0.881458566641089,1,0,0,1,0,0,0,1,0,0,0,1,0,1,0,0,0,1,0
0.301066214973761,1.169411574712172,0.25745103048758744,1,0,0,1,0,0,1,0,0,0,0,0,0,0,0,0,0,0,0
0.29347961613836343,-1.0841234242593345,-0.2707068305796147,1,1,0,1,0,0,1,0,0,0,1,0,0,1,0,0,1,0,0
0.2820594397270686,0.36780620667850883,0.7668697118360769,0,1,0,1,0,0,1,0,0,0,0,0,0,1,0,0,0,0,0
0.2667567099422768,-0.4384113901700776,-0.6084620881742854,0,0,0,0,0,0,1,0,0,0,0,0,0,1,0,0,1,0,0
0.26291738380311946,-0.29082006809253313,-0.9040551621061598,1,1,0,1,0,0,1,0,0,0,0,0,0,1,0,0,0,0,0
0.26291738380311946,-0.4868397927267718,-0.5400490833555919,1,1,0,1,0,0,1,0,0,0,0,0,0,1,0,0,0,0,0
0.26291738380311946,-0.47530922068946363,-0.553150185939466,1,0,0,1,0,1,0,0,0,0,0,0,0,0,0,0,1,0,0
0.26291738380311946,0.11505606762071403,2.285124020315338,0,0,0,1,0,0,0,1,0,0,0,0,0,1,0,0,0,0,0
0.26291738380311946,-0.17551434771945154,-1.4979822858891063,1,0,0,1,0,0,1,0,0,0,0,0,0,0,0,0,0,0,0
0.26291738380311946,0.5301566609638078,0.49592394694267183,0,1,0,1,0,0,1,0,0,0,0,0,0,0,0,0,0,1,0
0.26291738380311946,0.29954522021764457,0.8777218465114819,1,1,0,1,0,1,0,0,0,0,0,0,0,0,0,0,0,0,0
0.26291738380311946,-0.9918788479608691,-0.26507005804552847,1,1,0,1,0,0,1,0,0,0,0,0,0,1,0,0,0,0,0
0.26291738380311946,-1.005715534405639,-0.2614232104493635,0,0,0,1,0,0,1,0,0,0,0,0,0,0,1,0,0,0,0
0.26291738380311946,0.7238702711905848,0.3632106390702942,0,0,0,0,1,0,1,0,0,0,0,0,0,0,0,0,0,0,0
0.26291738380311946,-0.23270598502450002,-1.1298264794325712,1,0,0,1,0,0,1,0,0,0,0,0,0,1,0,0,0,1,0
0.26291738380311946,3.5742276788131613,0.0735592154248054,0,0,0,0,0,0,1,0,0,0,0,0,0,0,0,0,0,1,0
0.259072568989983,-0.7981652377340921,-0.3245851319276482,1,1,0,1,0,0,0,1,0,0,1,0,0,1,0,0,0,1,0
0.259072568989983,-0.07173919938367813,-3.6113111271900578,1,0,0,1,0,0,0,1,0,0,1,0,0,0,0,0,0,0,0
0.24363810766924754,-0.3692279579462286,-0.6598582323625911,1,0,0,0,1,1,0,0,0,0,0,0,0,0,0,0,0,0,0
0.22421962978053667,-0.4568603054297706,-0.49078378470550693,0,0,0,0,1,0,1,0,0,0,0,0,0,0,1,0,0,0,0
0.22421962978053667,0.4102387117758029,0.5465589261675373,0,0,1,1,0,0,1,0,0,0,0,0,0,0,0,0,0,1,0
0.22421962978053667,0.7893639203624951,0.2840510238643407,0,1,1,0,0,0,1,0,0,0,0,0,0,1,0,0,0,1,0
0.22421962978053667,-0.15475931805229687,-1.4488279775487736,0,1,1,1,0,1,0,0,0,0,0,0,0,0,0,0,0,0,0
0.2046599253576088,0.8530126780084362,0.2399260065342015,1,0,0,0,1,0,1,0,0,0,0,0,0,1,0,0,0,0,0
0.2046599253576088,1.3603578476499951,0.15044565348092548,1,1,0,1,0,0,0,1,0,0,0,0,0,0,0,1,0,1,0
0.18890908968647496,-0.7981652377340921,-0.23667917463151888,0,0,0,1,0,0,0,1,0,0,1,0,0,1,0,0,0,0,0
0.18495692511965256,1.852021439320815,0.09986759396666657,1,1,0,1,0,1,0,0,0,0,0,0,0,0,0,0,0,1,0
0.18495692511965256,0.5398423414751465,0.3426128536236124,1,1,0,0,0,0,1,0,0,0,0,0,0,1,0,0,1,0,0
0.18495692511965256,2.3473748140435733,0.07879309431673032,0,1,1,0,1,1,0,0,0,0,0,0,0,0,0,0,0,1,0
0.18099894426733668,0.5947278643727334,0.3043391021509282,0,1,0,1,0,1,0,0,0,0,0,0,0,0,0,0,0,0,1
0.14511252963704557,0.008974804877478978,16.16887850132377,0,1,0,1,0,0,1,0,0,0,0,0,0,0,0,1,0,0,0
0.14511252963704557,0.39178979651610985,0.37038363665266805,1,1,0,0,0,1,0,0,0,0,0,0,0,0,0,0,1,0,0
0.14511252963704557,-0.7013084326207035,-0.20691684697812326,0,0,0,1,0,0,1,0,0,0,0,0,0,1,0,0,0,1,0
0.14511252963704557,2.0830941029484706,0.06966201355553221,1,0,0,1,0,0,0,1,0,0,1,0,0,1,0,0,1,0,0
0.14511252963704557,0.11505606762071403,1.2612331764667433,0,0,1,1,0,1,0,0,0,0,0,0,0,1,0,0,0,0,0
0.14511252963704557,-0.3830646443909984,-0.3788199505275344,0,0,1,1,0,0,1,0,0,0,0,0,0,0,0,0,0,0,0
0.12496676125369696,-0.648267801249086,-0.19277027335448454,1,0,0,0,0,0,1,0,0,0,0,0,0,1,0,0,0,0,0
0.10466894789737026,-0.4568603054297706,-0.2291049291290643,1,1,0,0,1,0,1,0,0,0,0,0,0,0,0,0,0,0,0
0.10466894789737026,-0.586002712247622,-0.17861512533945614,1,0,0,1,0,0,1,0,0,0,1,0,0,1,0,0,0,1,0
0.10466894789737026,0.2441984744385654,0.4286224479412237,0,1,0,1,0,0,1,0,0,0,0,0,0,1,0,0,1,0,0
0.10466894789737026,-1.0518378225548715,-0.09951053827208231,1,0,1,1,0,1,0,0,0,0,0,0,0,1,0,0,0,0,0
0.10466894789737026,-0.06482085616129324,-1.6147418299586065,1,0,0,1,0,0,1,0,0,0,0,0,0,1,0,0,0,0,0
0.10059093725440349,-0.29543229690745637,-0.340487273420595,1,0,0,1,0,0,0,1,0,0,1,0,0,1,0,0,0,0,0
0.08421677706381588,-0.5306559664685429,-0.15870315681979283,0,0,0,0,0,0,1,0,0,0,0,0,0,1,0,0,1,0,0
0.08421677706381588,-0.6044516275073151,-0.13932757102684232,0,0,1,1,0,0,1,0,0,0,0,0,0,1,0,0,1,0,0
0.06360788308673213,-0.6413494580267012,-0.0991781973004863,0,0,0,1,0,0,1,0,0,0,0,0,0,0,0,0,0,1,0
0.06360788308673213,-0.6966962038057802,-0.0912993105736288,0,1,0,0,0,0,1,0,0,0,0,0,0,1,0,0,0,0,0
0.06360788308673213,-1.199429144632416,-0.053031797143987,1,0,0,0,0,0,1,0,0,0,0,0,0,1,0,0,0,0,0
0.06360788308673213,0.07815823710132792,0.8138346698412343,1,0,1,1,0,0,1,0,0,0,0,0,0,1,0,0,0,0,0
0.06360788308673213,0.09660715236102098,0.6584179486942068,0,0,1,0,1,0,1,0,0,0,0,0,0,1,0,0,0,1,0
0.06360788308673213,-0.7520429495848594,-0.08458012022032088,0,0,1,1,0,0,1,0,0,0,0,0,0,0,0,0,0,0,0
0.06360788308673213,1.498724712097693,0.04244133867500138,0,0,0,0,1,0,0,1,0,0,0,0,0,0,0,1,0,0,1
0.05946708549623889,-0.48453367831931016,-0.12273055136747332,1,0,0,1,0,1,0,0,0,0,1,0,0,0,0,0,0,0,0
0.05946708549623889,-0.07404531379113975,-0.8031174756579222,1,0,1,0,0,0,0,1,0,0,1,0,0,1,0,0,0,0,0
0.04283984549566614,-0.7566551783997827,-0.056617395504073964,0,0,0,1,0,0,1,0,0,0,0,0,0,0,1,0,0,0,0
0.04283984549566614,-0.7843285512893223,-0.05461977053524782,1,0,0,1,0,0,1,0,0,0,0,0,0,1,0,0,1,0,0
0.04283984549566614,2.1721101190764895,0.019722685843331113,0,0,0,1,0,0,1,0,0,0,0,0,0,0,0,0,0,0,0
0.04283984549566614,-0.7520429495848594,-0.05696462618167549,0,0,1,0,0,1,0,0,0,0,0,0,0,1,0,0,0,0,0
0.021910187309992977,-0.29543229690745637,-0.07416314173956513,0,1,0,1,0,0,0,1,0,0,0,0,0,1,0,0,0,1,0
0.021910187309992977,0.33874916514449227,0.06467967913853681,0,1,0,0,1,1,0,0,0,0,0,0,0,0,0,0,1,0,0
0.021910187309992977,-0.5306559664685429,-0.0412888739493553,0,0,0,0,0,0,1,0,0,0,0,0,0,1,0,0,0,1,0
0.021910187309992977,1.429541279873844,0.015326725865465414,0,0,0,0,0,0,1,0,0,0,0,0,0,0,0,0,0,0,0
0.021910187309992977,-0.5122070512088498,-0.042776036093769454,0,0,0,1,0,0,1,0,0,0,0,0,0,1,0,0,1,0,0
0.01770463914459786,0.5578300338533473,0.03173841146970653,1,1,0,0,0,1,0,0,0,0,0,0,0,0,0,0,1,0,0
0.01770463914459786,-0.9171607411591123,-0.019303747260510352,0,1,0,0,0,0,1,0,0,0,0,0,0,1,0,0,1,0,0
0.01770463914459786,-0.7566551783997827,-0.023398556766690785,0,0,0,1,0,0,1,0,0,0,0,0,0,1,0,0,0,0,0
0.0008163732660156029,-0.6459616868416244,-0.0012638106603615946,1,0,0,1,0,1,0,0,0,0,0,0,0,0,0,0,0,0,0
-0.020444192026043695,-0.5454150986762972,0.037483729503750465,0,0,0,1,0,0,1,0,0,0,0,0,0,1,0,0,0,0,0
-0.020444192026043695,-0.11555537312544913,0.17692117184242995,1,0,0,1,0,1,0,0,0,0,0,0,0,1,0,0,0,0,0
-0.024716547974128266,-1.0472255937399484,0.023601932689458302,0,0,1,1,0,0,1,0,0,0,0,0,0,1,0,0,0,0,0
-0.024716547974128266,-0.12477983075529565,0.19808127503073486,0,0,1,0,1,0,1,0,0,0,0,0,0,0,0,0,0,1,0
-0.024716547974128266,-0.1063309154956026,0.2324493103339305,0,0,0,1,0,0,1,0,0,0,0,0,0,1,0,0,1,0,0
-0.0375744888176548,-0.09249422905083281,0.4062360344341557,0,1,0,1,0,0,0,1,0,0,0,0,0,1,0,0,0,0,0
-0.04187416599843308,-0.5767782546177754,0.07260011219768094,0,0,0,0,1,0,1,0,0,0,0,0,0,1,0,0,0,0,0
-0.06347627011928722,-0.30004452572237966,0.2115561680935966,0,0,0,0,0,0,1,0,0,0,1,0,0,0,1,0,1,0,0
-0.06347627011928722,-1.4969179031949664,0.042404643557142185,1,0,0,1,0,0,0,0,1,0,0,0,0,1,0,0,0,0,0
-0.06347627011928722,-0.49606425035661833,0.127959775520317,1,0,0,1,0,0,1,0,0,0,0,0,0,0,0,0,0,1,0
-0.06347627011928722,-0.761267407214706,0.08338235620979965,0,0,0,0,0,0,0,1,0,0,0,0,0,1,0,0,0,1,0
-0.06347627011928722,0.5993400931876567,-0.10591026837814511,0,0,0,1,0,0,0,1,0,0,0,0,0,1,0,0,0,0,0
-0.07652131188132885,-0.5158968342607884,0.14832677155496354,1,0,0,0,0,1,0,0,0,0,0,0,0,0,0,0,0,0,0
-0.08525329196670055,-0.3461668138716123,0.24627806176221045,0,0,0,1,0,1,0,0,0,0,0,0,0,0,0,0,1,0,0
-0.08525329196670055,2.4027215598226523,-0.03548196902723643,0,0,1,1,0,1,0,0,0,0,0,0,0,0,0,0,1,0,0
-0.10280276698605306,-0.8073896953639386,0.127327321089618,1,0,1,1,0,0,1,0,0,0,0,0,0,1,0,0,0,1,0
-0.10720808738748021,0.5578300338533473,-0.19218772902368514,0,0,0,0,0,1,0,0,0,0,0,0,0,0,0,0,0,0,0
-0.10720808738748021,0.5578300338533473,-0.19218772902368514,0,0,0,0,1,1,0,0,0,0,0,0,0,1,0,0,0,0,0
-0.10720808738748021,-0.30004452572237966,0.35730726007871233,0,1,0,0,0,1,0,0,0,0,0,0,0,0,0,0,0,1,0
-0.10720808738748021,-1.3723877251920384,0.07811792937194813,1,1,0,0,1,0,1,0,0,0,0,0,0,1,0,0,0,0,0
-0.10720808738748021,-0.36461572913130536,0.2940303415952537,0,0,0,0,0,0,0,1,0,0,0,0,0,1,0,0,0,0,0
-0.10720808738748021,1.2081542967575274,-0.08873708240347096,0,0,0,0,0,1,0,0,0,0,0,0,0,0,0,0,1,0,0
-0.12934358274475427,0.691584669486122,-0.18702494206654738,0,0,0,1,0,0,1,0,0,0,0,0,0,1,0,0,0,0,0
-0.12934358274475427,-1.0901193217187346,0.1186508487353705,1,0,1,0,0,0,1,0,0,0,0,0,0,0,0,0,0,0,0
-0.15166277725880162,0.16117835576994666,-0.9409624296904553,0,1,0,0,1,0,1,0,0,0,0,0,0,1,0,0,0,0,0
-0.15166277725880162,-0.05098416971652344,2.974703287354884,1,1,0,0,1,0,1,0,0,0,0,0,0,1,0,0,0,0,0
-0.15166277725880162,0.32260636429226086,-0.4701171273899754,1,0,0,1,0,1,0,0,0,0,0,0,0,0,0,0,0,1,0
-0.15166277725880162,-1.1717557717428764,0.12943207186700478,0,0,0,1,0,0,0,1,0,0,0,1,0,1,0,0,0,0,0
-0.15166277725880162,-1.0135563233910085,0.14963428648088395,1,1,0,0,1,0,1,0,0,0,0,0,0,1,0,0,0,0,0
-0.15166277725880162,-1.1085682369784278,0.136809600166952,0,0,0,1,0,0,0,1,0,0,1,0,0,1,0,0,0,0,0
-0.15166277725880162,-0.341554585056689,0.4440367188560201,0,0,0,0,1,1,0,0,0,0,0,0,0,0,0,0,1,0,0
-0.15166277725880162,-0.5306559664685429,0.28580245364638174,0,0,0,1,0,0,0,1,0,0,1,0,0,1,0,0,0,0,0
-0.15166277725880162,-1.3032042929681893,0.11637682447574905,0,0,0,1,0,0,1,0,0,0,0,0,0,1,0,0,0,0,0
-0.15166277725880162,-0.253922237573147,0.5972804064280205,0,1,0,1,0,0,1,0,0,0,1,0,0,1,0,0,1,0,0
-0.15166277725880162,-0.6966962038057802,0.21768853688354678,1,0,0,0,1,0,1,0,0,0,1,0,0,1,0,0,0,0,0
-0.15166277725880162,0.29954522021764457,-0.5063101228876427,0,0,0,1,0,0,1,0,0,0,0,0,0,0,0,0,0,1,0
-0.15166277725880162,0.8530126780084362,-0.17779662737592009,0,0,0,0,0,0,1,0,0,0,0,0,0,0,0,0,0,0,1
-0.15166277725880162,-0.49421935883064905,0.30687340459031054,0,0,0,1,0,0,1,0,0,0,0,0,0,0,1,0,0,0,0
-0.15166277725880162,-0.7520429495848594,0.20166770706715895,0,0,1,1,0,0,1,0,0,0,0,0,0,1,0,0,0,0,0
-0.15166277725880162,-1.386224411636808,0.10940708876979248,0,0,1,0,1,0,1,0,0,0,0,0,0,0,1,0,1,0,0
-0.15166277725880162,-0.30004452572237966,0.5054675698337175,1,0,0,0,0,0,1,0,0,0,0,0,0,0,0,0,0,0,0
-0.15614892926437204,1.429541279873844,-0.10923009462038905,1,0,0,1,0,0,1,0,0,0,0,0,0,0,0,0,0,0,1
-0.15614892926437204,-0.7843285512893223,0.1990861215082453,0,0,0,1,0,0,1,0,0,0,0,0,0,1,0,0,1,0,0
-0.17416874544588115,-0.1432287460149887,1.2160180849984865,0,0,0,1,0,0,1,0,0,0,0,0,0,1,0,0,1,0,0
-0.17416874544588115,-0.4937581359491567,0.352741013798334,0,0,0,1,0,0,1,0,0,0,0,0,0,1,0,0,0,1,0
-0.17416874544588115,-0.5094397139198958,0.34188293665944425,1,0,0,1,0,0,1,0,0,0,0,0,0,1,0,0,1,0,0
-0.1968646396599282,-0.2391631053653926,0.8231396701391674,0,1,0,1,0,0,0,1,0,0,0,0,0,1,0,0,0,0,0
-0.1968646396599282,0.3848714532937249,-0.5115075123789077,1,0,0,1,0,0,1,0,0,0,0,0,0,0,0,0,0,0,0
-0.2014268926687097,0.4194631694056494,-0.48020161806844164,1,0,0,1,0,1,0,0,0,0,0,0,0,0,0,0,1,0,0
-0.21745600144184873,-0.7151451190654733,0.3040725520521103,1,1,1,0,0,0,1,0,0,0,0,0,0,0,0,0,0,0,0
-0.219753692742431,-0.6782472885460872,0.3240023166380836,0,0,0,1,0,0,1,0,0,0,1,0,0,1,0,0,0,0,0
-0.219753692742431,-0.5122070512088498,0.42903293155335254,0,0,0,1,0,1,0,0,0,0,0,0,0,1,0,0,1,0,0
-0.219753692742431,0.2073006439191793,-1.0600724078218822,0,1,0,1,0,1,0,0,0,0,0,0,0,0,0,0,0,0,0
-0.24283922078602393,0.3456675083668772,-0.7025225539227842,1,0,0,0,1,0,0,1,0,0,1,0,0,1,0,0,1,0,0
-0.24283922078602393,-0.07312286802815511,3.3209750565653624,0,0,0,0,1,0,1,0,0,0,1,0,0,1,0,0,0,1,0
-0.24283922078602393,-0.3738401867611519,0.6495803003147304,0,0,0,1,0,0,1,0,0,0,0,0,0,0,0,0,0,0,0
-0.24283922078602393,-0.9918788479608691,0.2448275021543803,1,1,0,1,0,0,0,1,0,0,0,0,0,0,1,0,0,1,0
-0.24283922078602393,-0.3830646443909984,0.6339379641054923,0,0,1,0,0,0,1,0,0,0,0,0,0,1,0,0,0,1,0
-0.26612462601775494,-0.7013084326207035,0.3794687382030755,0,0,0,1,0,0,1,0,0,0,1,0,0,1,0,0,0,1,0
-0.26612462601775494,-0.779716322474399,0.34130954854609036,1,1,0,0,0,0,1,0,0,0,1,0,0,0,0,0,1,0,0
-0.26612462601775494,0.11505606762071403,-2.312999492517363,0,0,0,1,0,0,1,0,0,0,0,0,0,0,0,0,0,0,1
-0.27784337006534465,-0.30004452572237966,0.9260071297632108,1,1,0,1,0,0,1,0,0,0,0,0,0,1,0,0,0,0,0
-0.27784337006534465,-0.779716322474399,0.3563390454410646,0,1,0,1,0,0,0,1,0,0,0,0,0,1,0,0,0,0,0
-0.2896133998082241,-0.48453367831931016,0.5977157270322238,1,0,0,0,1,0,0,1,0,0,0,0,0,0,0,0,0,0,0
-0.2896133998082241,0.6131767796324264,-0.47231631958052145,0,1,0,1,0,0,1,0,0,0,0,0,0,1,0,0,1,0,0
-0.2896133998082241,-0.30004452572237966,0.9652347401138486,1,1,0,1,0,0,1,0,0,0,1,0,0,1,0,0,0,0,0
-0.2896133998082241,-0.5491048817282359,0.527428200777789,0,0,0,0,0,0,1,0,0,0,0,0,0,1,0,0,0,0,0
-0.2896133998082241,-0.5075948223939265,0.5705601929553673,1,0,1,0,1,1,0,0,0,0,0,0,0,1,0,0,0,0,0
-0.33721548325554074,0.972930627196441,-0.3465976646528723,1,0,0,0,0,0,1,0,0,0,1,0,0,0,0,0,0,0,1
-0.33721548325554074,0.16117835576994666,-2.0921883812790325,1,0,0,1,0,0,0,1,0,0,0,0,0,1,0,0,0,0,0
-0.33721548325554074,-0.9918788479608691,0.3399764839716033,0,0,0,1,0,0,1,0,0,0,0,0,0,1,0,0,0,0,0
-0.33721548325554074,-0.8581242123280945,0.39296814891246773,0,0,0,0,0,1,0,0,0,0,0,0,0,0,0,0,1,0,0
-0.33721548325554074,-0.6155209766631309,0.5478537629759704,1,1,0,0,0,1,0,0,0,0,0,0,0,0,0,0,0,1,0
-0.33721548325554074,1.3511333900201485,-0.24957971266664652,0,1,0,1,0,0,1,0,0,0,0,0,0,0,0,0,0,1,0
-0.33721548325554074,-1.386224411636808,0.2432618271794592,1,0,1,0,1,0,0,1,0,0,1,0,0,0,0,0,0,0,0
-0.36133625035258243,-0.6321250003968546,0.5716215149309579,1,0,0,1,0,1,0,0,0,0,0,0,0,1,0,0,0,0,0
-0.36133625035258243,-0.9088587292922504,0.3975714142438434,0,0,0,0,0,0,0,1,0,0,1,0,0,1,0,0,0,0,0
-0.38567530790092136,0.0689337794714814,-5.594866709150615,0,0,0,1,0,0,0,0,1,0,1,0,0,1,0,0,0,0,0
-0.38567530790092136,-0.9088587292922504,0.424351217049162,1,0,0,1,0,1,0,0,0,0,1,0,0,0,0,0,0,1,0
-0.38567530790092136,0.9231185559952697,-0.4177960733170417,0,1,0,0,0,0,1,0,0,0,0,0,0,1,0,0,0,0,0
-0.38567530790092136,-0.4937581359491567,0.7811016767542138,0,0,0,1,0,1,0,0,0,0,0,0,0,0,0,0,0,0,0
-0.38567530790092136,-0.5998393986923918,0.6429642813420838,0,0,0,1,0,1,0,0,0,0,0,0,0,0,0,0,0,0,0
-0.38567530790092136,-1.4461833862308104,0.2666849250053324,1,0,1,1,0,0,1,0,0,0,0,0,0,1,0,0,0,0,0
-0.38567530790092136,-1.371926502310546,0.28111951132322455,0,0,1,1,0,1,0,0,0,0,0,0,0,1,0,0,0,0,0
-0.3954729417010514,-0.8304508394385549,0.4762147533843422,0,0,0,0,1,0,1,0,0,0,0,0,0,1,0,0,0,0,0
-0.4102366430231505,-0.9226954157370202,0.4446067857565612,1,0,0,1,0,1,0,0,0,0,1,0,0,0,0,0,0,0,0
-0.4350243530879648,-0.15245320364483522,2.853494335884377,0,0,0,1,0,0,1,0,0,0,0,0,0,1,0,0,0,0,0
-0.4350243530879648,-0.7981652377340921,0.5450304429731286,0,0,0,1,0,1,0,0,0,0,0,0,0,1,0,0,1,0,0
-0.4350243530879648,-0.7151451190654733,0.6083022053711832,0,0,0,1,0,1,0,0,0,0,0,0,0,0,0,0,0,0,0
-0.4350243530879648,0.31338190666241433,-1.3881604005830108,0,0,0,0,1,1,0,0,0,0,0,0,0,0,0,0,0,1,0
-0.4350243530879648,-1.0582949428957642,0.41106154386189114,0,0,1,0,0,0,1,0,0,0,0,0,0,0,1,0,0,0,0
-0.4350243530879648,1.498724712097693,-0.29026301466603704,0,0,0,0,0,1,0,0,0,0,0,0,0,0,0,0,1,0,0
-0.44000942866490256,1.429541279873844,-0.30779763750769973,0,0,0,0,0,0,1,0,0,0,0,0,0,0,0,0,0,1,0
-0.44000942866490256,-1.2132658310771858,0.36266530993809054,1,1,0,0,0,0,0,0,1,0,1,0,0,0,0,0,1,0,0
-0.44000942866490256,0.8207270763039733,-0.5361214968640025,0,0,0,0,0,0,0,1,0,0,0,0,0,1,0,0,1,0,0
-0.46004264981247317,-0.7704918648445525,0.5970765828984934,0,0,1,1,0,1,0,0,0,0,0,0,0,0,0,0,0,0,0
-0.4852958635571552,-0.7151451190654733,0.6785977427788683,0,0,0,0,1,0,1,0,0,0,0,0,0,0,0,0,1,0,0
-0.4852958635571552,-0.5122070512088498,0.9474603334956401,0,0,0,1,0,1,0,0,0,0,0,0,0,0,0,0,0,0,0
-0.4852958635571552,0.4010142541459564,-1.210171106238341,0,0,0,1,0,0,1,0,0,0,0,0,0,0,0,0,0,0,0
-0.4852958635571552,-0.5075948223939265,0.9560693729467046,0,0,0,0,0,1,0,0,0,0,0,0,0,0,0,0,0,0,0
-0.4852958635571552,-0.7225246851693505,0.6716668281629825,0,0,0,1,0,1,0,0,0,0,0,0,0,0,0,0,0,0,0
-0.49037508603707686,-0.93653210218179,0.5236073434051813,1,0,0,1,0,0,1,0,0,0,0,0,0,1,0,0,0,0,0
-0.49037508603707686,0.13811721169533034,-3.5504270613193687,0,0,0,0,0,1,0,0,0,0,0,0,0,0,0,0,0,0,0
-0.5107884478243353,-0.7013084326207035,0.7283363839153931,1,0,0,0,0,1,0,0,0,0,0,0,0,0,0,0,0,0,0
-0.5107884478243353,-0.7013084326207035,0.7283363839153931,0,1,0,0,1,1,0,0,0,0,0,0,0,0,0,0,0,0,0
-0.5107884478243353,0.22574955917887235,-2.2626332015098765,0,0,0,1,0,1,0,0,0,0,0,0,0,0,0,0,0,0,0
-0.5107884478243353,-0.7151451190654733,0.7142444717959004,0,0,0,0,0,1,0,0,0,0,0,0,0,0,0,0,0,0,0
-0.5365249839719233,-0.40151355965069147,1.336256201256787,0,1,0,1,0,1,0,0,0,0,0,0,0,0,0,0,0,1,0
-0.5365249839719233,-0.7289818055102432,0.7359922839176875,1,0,0,1,0,0,1,0,0,0,0,0,0,1,0,0,0,0,0
-0.5365249839719233,-0.9088587292922504,0.5903282508929939,1,0,0,1,0,0,1,0,0,0,0,0,0,1,0,0,0,0,0
-0.5365249839719233,-0.9918788479608691,0.5409178601549227,0,1,0,0,0,1,0,0,0,0,0,0,0,1,0,0,0,0,0
-0.5365249839719233,-0.7520429495848594,0.7134233281065853,1,0,0,1,0,1,0,0,0,0,1,0,0,0,0,0,0,0,0
-0.5365249839719233,0.3733408812564168,-1.4370914381686182,1,0,0,0,1,0,1,0,0,0,0,0,0,1,0,0,0,0,0
-0.5365249839719233,-0.4706969918745404,1.1398521622907007,0,0,0,1,0,0,1,0,0,0,1,0,0,1,0,0,0,1,0
-0.5365249839719233,-1.061062280184718,0.5056489086375974,1,0,1,0,1,0,1,0,0,0,1,0,0,1,0,0,0,0,0
-0.5365249839719233,-1.3262654370428058,0.4045381633168555,0,1,1,1,0,0,1,0,0,0,0,0,0,0,1,0,0,0,0
-0.5417019778779671,-0.7520429495848594,0.7203072353473906,0,0,1,0,1,0,1,0,0,0,0,0,0,0,0,0,0,1,0
-0.5625101861548987,-0.30004452572237966,1.8747557043429246,0,0,0,1,0,1,0,0,0,0,0,0,0,0,0,0,0,0,0
-0.5625101861548987,-0.5306559664685429,1.0600280062774798,0,0,1,1,0,1,0,0,0,0,0,0,0,0,0,0,0,0,0
-0.5887489065078022,-0.9226954157370202,0.638075031550393,1,0,0,0,0,0,1,0,0,0,0,0,0,1,0,0,0,0,0
-0.5887489065078022,-0.30004452572237966,1.9622051263569802,1,0,0,0,0,0,0,1,0,0,1,0,0,1,0,0,0,1,0
-0.5887489065078022,-0.30004452572237966,1.9622051263569802,0,0,0,0,0,1,0,0,0,0,0,0,0,0,0,0,0,0,0
-0.5887489065078022,-0.6966962038057802,0.8450582955550727,0,0,0,0,1,1,0,0,0,0,0,0,0,0,0,0,0,0,0
-0.6152461405826078,-0.5998393986923918,1.0256847781652918,0,0,0,0,1,0,1,0,0,0,0,0,0,0,0,0,0,1,0
-0.6420070330570933,-0.4199624749103845,1.5287247585491792,0,1,0,1,0,0,1,0,0,0,0,0,0,1,0,0,0,0,0
-0.6420070330570933,-0.692083974990857,0.9276432575477198,0,0,0,0,1,0,1,0,0,0,0,0,0,1,0,0,0,0,0
-0.6420070330570933,-0.253922237573147,2.5283608052333393,0,0,0,1,0,0,0,1,0,0,0,0,0,1,0,0,0,0,0
-0.6420070330570933,-1.3908366404517314,0.46159772786009945,0,0,0,0,1,0,1,0,0,0,1,0,0,1,0,0,0,0,0
-0.6420070330570933,-0.9752748242271454,0.6582832009078574,1,0,0,1,0,0,1,0,0,0,0,0,0,1,0,0,0,0,0
-0.6420070330570933,-0.535268195283466,1.1994118812105037,0,0,0,1,0,0,1,0,0,0,0,0,0,1,0,0,0,0,0
-0.6420070330570933,1.0485711797611825,-0.6122684329387288,0,0,0,0,1,0,1,0,0,0,0,0,0,0,0,0,0,0,0
-0.6420070330570933,-0.7704918648445525,0.833243103983478,0,1,0,0,1,0,1,0,0,0,0,0,0,0,0,0,0,0,0
-0.6420070330570933,-0.7151451190654733,0.8977297277733584,0,0,0,0,1,0,0,0,0,1,0,0,0,1,0,0,1,0,0
-0.6420070330570933,-0.6966962038057802,0.9215021261061259,0,0,0,1,0,1,0,0,0,0,0,0,0,0,0,0,1,0,0
-0.6420070330570933,0.3456675083668772,-1.8572964409940824,0,0,0,0,0,1,0,0,0,0,0,0,0,0,0,0,1,0,0
-0.6420070330570933,-0.93653210218179,0.6855152445510869,0,0,0,0,1,0,1,0,0,0,0,0,0,1,0,0,1,0,0
-0.6420070330570933,1.0144406865307503,-0.6328679848722062,0,0,0,1,0,1,0,0,0,0,0,0,0,0,0,0,1,0,0
-0.6420070330570933,-0.7557327326367981,0.849515980096682,0,0,1,0,1,1,0,0,0,0,0,0,0,0,0,0,1,0,0
-0.6420070330570933,2.006069881739252,-0.3200322376110231,0,0,1,0,1,0,1,0,0,0,0,0,0,1,0,0,0,0,1
-0.6420070330570933,0.3364430507370307,-1.9082190333569895,0,0,0,0,1,1,0,0,0,0,0,0,0,0,0,0,0,0,0
-0.6420070330570933,3.5945214855988237,-0.1786070929410898,0,0,0,0,1,0,1,0,0,0,0,0,0,0,0,0,0,0,0
-0.6473913141422257,-0.11555537312544913,5.602433678608828,0,0,0,0,1,0,1,0,0,0,0,0,0,1,0,0,0,0,0
-0.6690368837300845,-0.9642054750713296,0.693873765527613,0,0,0,0,1,0,1,0,0,0,0,0,0,0,0,0,0,0,0
-0.6690368837300845,0.07815823710132792,-8.560030376103729,0,0,1,0,1,1,0,0,0,0,0,0,0,0,0,0,1,0,0
-0.6690368837300845,-1.386224411636808,0.48263244977781616,0,0,1,0,0,0,1,0,0,0,0,0,0,0,1,0,0,0,0
-0.6963411538210744,-0.5306559664685429,1.3122271260891465,0,0,0,0,1,1,0,0,0,0,0,0,0,0,0,0,0,0,0
-0.6963411538210744,-0.9065526148847888,0.7681199550779195,0,0,0,0,1,1,0,0,0,0,0,0,0,0,0,0,0,1,0
-0.6963411538210744,-0.5998393986923918,1.1608793209299852,0,0,0,0,1,0,1,0,0,0,0,0,0,0,0,0,0,0,0
-0.6963411538210744,-1.386224411636808,0.5023293111674882,0,0,1,0,0,0,1,0,0,0,0,0,0,0,1,0,0,0,0
-0.6963411538210744,-1.1717557717428764,0.5942715799772272,1,0,1,0,1,0,1,0,0,0,0,0,0,1,0,0,0,0,0
-0.6963411538210744,-1.4761628735278118,0.4717237957332727,1,0,1,0,1,0,1,0,0,0,1,0,0,1,0,0,0,0,0
-0.7018354305097343,-0.5122070512088498,1.3702182132271437,0,0,0,0,1,1,0,0,0,0,0,0,0,0,0,0,0,0,0
-0.723925472592876,-0.16859600449706666,4.293847145146736,1,1,0,0,0,0,1,0,0,0,0,0,0,1,0,0,1,0,0
-0.723925472592876,-0.7843285512893223,0.9229875304205712,1,0,0,0,1,0,1,0,0,0,0,0,0,0,0,0,0,1,0
-0.723925472592876,-0.6966962038057802,1.0390834177627966,0,0,0,0,0,1,0,0,0,0,0,0,0,0,0,0,0,0,0
-0.751795644317457,-0.761267407214706,0.9875579030344884,0,1,0,0,1,0,0,1,0,0,0,0,0,1,0,0,0,1,0
-0.751795644317457,-0.08788200023590954,8.554603244115341,0,0,0,1,0,0,0,1,0,0,0,0,0,0,1,0,0,0,0
-0.751795644317457,-0.47530922068946363,1.5816980012021096,0,0,0,0,1,1,0,0,0,0,0,0,0,1,0,0,0,0,0
-0.751795644317457,-0.18473880534929807,4.069505824160693,0,0,0,0,1,1,0,0,0,0,0,0,0,0,0,0,0,0,0
-0.751795644317457,-0.6597983732863942,1.1394324004965835,0,1,0,0,1,1,0,0,0,0,0,0,0,0,0,0,0,0,0
-0.751795644317457,-0.6459616868416244,1.1638393725691363,0,0,0,0,1,0,1,0,0,0,0,0,0,0,0,0,0,0,0
-0.751795644317457,-0.9457565598116365,0.794914543830592,1,0,0,1,0,0,1,0,0,0,0,0,0,1,0,0,0,0,0
-0.751795644317457,-0.9065526148847888,0.8292906908806398,1,0,0,0,0,1,0,0,0,0,0,0,0,0,0,0,0,1,0
-0.7574045045437804,-1.130245712408567,0.6701237582487638,0,0,0,0,0,0,1,0,0,0,0,0,0,0,0,0,0,0,0
-0.7743016125045413,-1.386224411636808,0.5585687324538395,1,0,1,0,0,0,1,0,0,0,0,0,0,1,0,0,0,0,0
-0.7799576556065158,-0.5122070512088498,1.5227390051850185,0,0,0,0,1,1,0,0,0,0,0,0,0,0,0,0,1,0,0
-0.7799576556065158,-0.17320823331198992,4.50300566371821,0,0,0,0,1,0,0,1,0,0,0,0,0,1,0,0,0,0,0
-0.8084176831298784,-1.2224902887070324,0.6612876115236072,0,1,0,0,1,1,0,0,0,0,0,0,0,0,0,0,0,0,0
-0.8084176831298784,-0.9088587292922504,0.8894866243507527,1,1,0,0,1,0,0,1,0,0,0,0,0,1,0,0,0,0,0
-0.8084176831298784,0.4194631694056494,-1.9272673791011279,1,0,0,0,0,0,1,0,0,0,0,0,0,0,0,0,0,0,0
-0.8084176831298784,-0.7704918648445525,1.0492228666073944,0,0,0,1,0,0,0,1,0,0,0,0,0,1,0,0,1,0,0
-0.8084176831298784,-0.6265903258189467,1.290185388791768,0,0,0,1,0,0,0,1,0,0,0,0,0,1,0,0,0,0,0
-0.8084176831298784,-0.5122070512088498,1.5783025267261506,0,0,0,0,1,1,0,0,0,0,0,0,0,0,0,0,0,0,0
-0.8084176831298784,-1.386224411636808,0.5831795172149115,1,0,1,0,0,0,1,0,0,0,0,0,0,1,0,0,0,0,0
-0.8084176831298784,0.3364430507370307,-2.40283662081566,0,0,0,0,1,0,1,0,0,0,0,0,0,0,0,0,1,0,0
-0.837182101746742,-0.30004452572237966,2.7901928879760876,0,0,0,1,0,1,0,0,0,0,0,0,0,0,0,0,0,0,0
-0.837182101746742,-0.5629415681730057,1.4871563037417332,0,0,0,0,1,1,0,0,0,0,0,0,0,0,0,0,0,0,0
-0.8545895897268236,-0.6966962038057802,1.2266316151265548,1,0,0,0,1,0,0,1,0,0,0,0,0,1,0,0,0,0,0
-0.8662574930764151,-0.36000350031638206,2.4062474179143303,0,0,0,0,1,0,1,0,0,0,0,0,0,1,0,0,0,0,0
-0.8662574930764151,-1.1376252785124443,0.7614611853642449,0,1,0,0,1,1,0,0,0,0,0,0,0,0,0,0,1,0,0
-0.8662574930764151,-0.3830646443909984,2.2613872247427156,0,0,0,0,1,0,1,0,0,0,0,0,0,0,0,0,1,0,0
-0.8662574930764151,-0.93653210218179,0.9249629468742612,0,0,0,0,0,0,1,0,0,0,0,0,0,1,0,0,0,0,0
-0.9253686088862516,-0.7843285512893223,1.179822674267155,0,0,0,0,0,0,0,0,0,0,0,0,0,0,0,0,0,0,0
-0.9253686088862516,-0.5371130868094354,1.7228561947412893,1,0,0,0,1,1,0,0,0,0,1,0,0,0,0,0,1,0,0
-0.9253686088862516,-0.761267407214706,1.2155631518127807,1,0,0,1,0,1,0,0,0,0,0,0,0,0,0,0,0,0,0
-0.9253686088862516,-0.4868397927267718,1.9007661713585409,0,0,0,1,0,1,0,0,0,0,0,0,0,0,0,0,0,1,0
-0.9253686088862516,-1.6145297379755097,0.5731505509750408,1,0,0,0,1,0,1,0,0,0,0,0,0,1,0,0,0,0,0
-0.9253686088862516,-0.7843285512893223,1.179822674267155,1,0,0,1,0,0,1,0,0,0,0,0,0,1,0,0,0,0,0
-0.9253686088862516,0.7377069576353545,-1.25438509059536,0,0,0,1,0,1,0,0,0,0,0,0,0,0,0,0,0,0,0
-0.9253686088862516,1.7754584409930887,-0.521199813817469,0,0,0,1,0,0,1,0,0,0,0,0,0,1,0,0,0,1,0
-0.9253686088862516,-0.9600544691378986,0.9638709454862557,0,0,0,0,1,1,0,0,0,0,0,0,0,0,0,0,1,0,0
-0.9313518093600653,-0.30004452572237966,3.104045331664579,0,1,0,0,1,0,1,0,0,0,0,0,0,1,0,0,0,0,0
-0.9433582913709889,0.15887224136248504,-5.937842150905456,1,0,0,0,1,0,1,0,0,0,0,0,0,0,0,0,0,0,0
-0.9520966305365708,-1.2695350226192497,0.74995696343394,0,0,1,1,0,0,1,0,0,0,0,0,0,0,0,0,0,0,0
-0.9554186142884655,-0.9918788479608691,0.963241242872192,0,1,0,0,1,0,1,0,0,0,0,0,0,0,0,0,0,0,0
-0.9554186142884655,-0.5998393986923918,1.5927906975954094,0,0,0,0,1,0,1,0,0,0,0,0,0,1,0,0,0,0,0
-0.9554186142884655,-0.761267407214706,1.2550368047203178,0,0,0,0,1,1,0,0,0,0,0,0,0,0,0,0,0,0,0
-0.9797027296502328,1.3603578476499951,-0.7201801579949421,0,0,0,0,1,1,0,0,0,0,0,0,0,0,0,0,1,0,0
-0.9858081749595815,-0.08788200023590954,11.217407117649667,1,1,0,0,1,1,0,0,0,0,0,0,0,0,0,0,0,0,0
-0.9858081749595815,-1.3793060684144232,0.7147131427419979,1,0,0,1,0,0,1,0,0,0,0,0,0,1,0,0,0,0,0
-0.9858081749595815,-0.9503687886265597,1.0372901412137467,1,0,0,0,1,1,0,0,0,0,0,0,0,0,0,0,0,0,0
-0.9858081749595815,-0.30004452572237966,3.285539613116335,0,0,0,1,0,1,0,0,0,0,0,0,0,1,0,0,1,0,0
-1.0165450524134787,-0.6229005427670081,1.6319540321763866,0,0,0,0,1,1,0,0,0,0,0,0,0,0,0,0,0,0,0
-1.047637277361281,-0.9503687886265597,1.102348151474219,0,0,0,1,0,0,1,0,0,0,0,0,0,1,0,0,0,0,0
-1.047637277361281,-0.8811853564027108,1.1888954687559514,0,0,0,1,0,0,1,0,0,0,0,0,0,1,0,0,0,1,0
-1.047637277361281,-1.067980623407103,0.9809515775848797,0,0,0,1,0,1,0,0,0,0,0,0,0,0,0,0,0,0,0
-1.047637277361281,-0.253922237573147,4.125819334982387,0,0,0,0,0,1,0,0,0,0,0,0,0,0,0,0,0,0,0
-1.047637277361281,-0.0343801459827997,30.472159073594725,0,0,0,0,1,0,1,0,0,0,0,0,0,0,0,0,0,0,0
-1.047637277361281,-0.6459616868416244,1.621825719236718,0,0,0,0,1,0,1,0,0,0,0,0,0,1,0,0,0,0,0
-1.047637277361281,-0.7013084326207035,1.4938324261215412,0,0,0,1,0,0,0,1,0,0,0,0,0,1,0,0,0,0,1
-1.0538990904432062,1.3372967035753787,-0.7880817230951932,0,0,0,0,1,1,0,0,0,0,0,0,0,0,0,0,0,0,0
-1.0790931623060938,-0.368305512183244,2.929885995757809,0,0,0,0,1,0,0,1,0,0,0,0,0,1,0,0,1,0,0
-1.0917792589590416,-0.9918788479608691,1.1007183601137884,0,0,0,1,0,1,0,0,0,0,0,0,0,1,0,0,0,0,0
-1.1109213148829906,0.32260636429226086,-3.4435815217723555,1,0,0,0,1,0,1,0,0,0,0,0,0,1,0,0,1,0,0
-1.1109213148829906,-0.08788200023590954,12.641056324399136,0,0,0,0,1,1,0,0,0,0,0,0,0,0,0,0,0,0,0
-1.1109213148829906,-0.7151451190654733,1.5534208166514565,0,0,0,0,1,0,1,0,0,0,0,0,0,1,0,0,1,0,0
-1.1109213148829906,-0.6874717461759338,1.615951958844124,0,0,0,0,1,0,0,1,0,0,0,0,0,1,0,0,0,0,0
-1.1109213148829906,-0.7704918648445525,1.4418339317665867,0,0,0,1,0,0,1,0,0,0,0,0,0,1,0,0,1,0,0
-1.1109213148829906,-1.130245712408567,0.9829024810150389,0,0,0,0,0,1,0,0,0,0,0,0,0,0,0,0,0,0,0
-1.1109213148829906,-0.9226954157370202,1.203995702087261,0,0,0,0,1,0,1,0,0,0,0,0,0,1,0,0,0,0,0
-1.1109213148829906,0.6754418686338906,-1.644732680148886,0,0,0,1,0,0,1,0,0,0,0,0,0,1,0,0,0,0,0
-1.1757304148236476,-0.9734299327011761,1.2078223355646223,0,0,0,0,1,1,0,0,0,0,0,0,0,0,0,0,0,0,0
-1.1757304148236476,-0.7013084326207035,1.676481217301334,0,0,0,0,1,1,0,0,0,0,0,0,0,0,0,0,0,0,0
-1.1757304148236476,0.39178979651610985,-3.0009214769719077,0,0,0,1,0,1,0,0,0,0,0,0,0,0,0,0,0,0,0
-1.1757304148236476,0.11505606762071403,-10.218760636766069,0,0,0,0,1,0,0,1,0,0,0,0,0,1,0,0,0,0,0
-1.1921796863080258,0.02281149132224877,-52.26224228247871,0,0,0,0,1,0,0,1,0,0,0,0,0,0,1,0,0,0,0
-1.2087301847154148,-0.8535119835131713,1.4161841990080997,0,0,0,1,0,0,1,0,0,0,0,0,0,1,0,0,1,0,0
-1.2087301847154148,-0.3692279579462286,3.2736691756463485,0,0,0,0,1,0,1,0,0,0,0,0,0,1,0,0,1,0,0
-1.2087301847154148,-1.1579190852981065,1.04388139038595,0,0,0,0,0,1,0,0,0,0,0,0,0,0,0,0,1,0,0
-1.2421399001157487,-1.1533068564831834,1.0770246384413658,1,0,0,0,1,0,1,0,0,0,0,0,0,1,0,0,1,0,0
-1.2421399001157487,-0.5491048817282359,2.2621177509955395,0,0,0,0,0,0,1,0,0,0,0,0,0,0,0,0,0,0,0
-1.310230815599378,0.7607681017099709,-1.7222473085482755,0,0,0,0,1,1,0,0,0,0,0,0,0,0,0,0,0,0,0
-1.310230815599378,-0.5306559664685429,2.469077704560301,0,0,0,0,1,0,1,0,0,0,0,0,0,1,0,0,1,0,0
-1.3449338455251152,-0.5306559664685429,2.53447418008979,0,0,0,0,1,1,0,0,0,0,0,0,0,0,0,0,0,0,0
-1.3800905226651758,-0.5610966766470363,2.4596305415890676,0,0,0,0,1,1,0,0,0,0,0,0,0,0,0,0,0,0,0
-1.3800905226651758,-1.4531017294531954,0.9497549240303405,0,0,0,1,0,1,0,0,0,0,0,0,0,1,0,0,0,0,0
-1.3800905226651758,-0.7013084326207035,1.9678795498122659,0,0,0,0,1,0,1,0,0,0,0,1,0,1,0,0,0,0,0
-1.3800905226651758,-1.0841234242593345,1.2730012946708942,0,0,0,0,1,0,1,0,0,0,0,0,0,0,0,0,0,0,0
-1.3800905226651758,-1.2547758904114952,1.0998701307630199,0,0,0,0,1,0,1,0,0,0,0,0,0,0,0,0,0,0,0
-1.3800905226651758,-0.7704918648445525,1.791181173526875,0,0,0,1,0,1,0,0,0,0,0,0,0,0,0,0,1,0,0
-1.3800905226651758,-0.5306559664685429,2.6007255356978773,0,0,0,1,0,0,1,0,0,0,0,0,0,0,0,0,0,0,0
-1.3871773449574518,-0.9065526148847888,1.530167496272397,0,1,0,0,1,1,0,0,0,0,0,0,0,0,0,0,0,0,0
-1.3871773449574518,-0.5306559664685429,2.61408036960173,0,1,0,0,1,0,1,0,0,0,0,0,0,1,0,0,0,0,0
-1.4373149688053974,-1.0333889072951785,1.3908751668018835,0,0,0,0,1,1,0,0,0,0,0,0,0,0,0,0,0,0,0
-1.4518133732095295,-0.7151451190654733,2.03009617839063,0,0,0,0,1,1,0,0,0,0,0,0,0,0,0,0,0,0,0
-1.4518133732095295,-0.3461668138716123,4.19397040684548,0,0,0,0,1,1,0,0,0,0,0,0,0,0,0,0,0,0,0
-1.4518133732095295,-0.7151451190654733,2.03009617839063,1,0,0,0,0,1,0,0,0,0,1,0,0,1,0,0,1,0,0
-1.5255014759449117,-1.0472255937399484,1.4567075948716077,0,0,0,0,1,0,1,0,0,0,0,0,0,0,0,0,0,0,0
-1.5255014759449117,-0.9088587292922504,1.67848030368026,0,0,0,0,1,0,1,0,0,0,0,0,0,0,0,0,0,0,0
-1.5255014759449117,-0.9918788479608691,1.5379917407061137,0,0,0,0,0,1,0,0,0,0,0,0,0,1,0,0,0,0,0
-1.5631167395106407,-0.3461668138716123,4.5155014197587855,0,0,0,0,1,0,1,0,0,0,0,0,0,1,0,0,0,0,0
-1.5631167395106407,-0.9918788479608691,1.5759149847021514,0,0,0,1,0,0,1,0,0,0,0,0,0,1,0,0,0,0,0
-1.6012655706812824,-0.8950220428474807,1.7890794796370748,1,0,0,0,1,0,1,0,0,0,0,0,0,1,0,0,0,0,0
-1.6012655706812824,-0.8811853564027108,1.8171722431001083,0,0,0,0,1,1,0,0,0,0,0,0,0,0,0,0,1,0,0
-1.6012655706812824,-0.9918788479608691,1.6143761649653148,0,0,0,0,1,1,0,0,0,0,0,0,0,0,0,0,1,0,0
-1.6012655706812824,-0.761267407214706,2.103420631838065,0,0,0,0,1,1,0,0,0,0,0,0,0,0,0,0,0,0,0
-1.6012655706812824,-0.1432287460149887,11.179777909343088,0,0,0,0,1,1,0,0,0,0,0,0,0,1,0,0,0,0,0
-1.6012655706812824,1.1758686950530646,-1.3617724303894496,0,0,0,0,1,1,0,0,0,0,0,0,0,0,0,0,0,0,0
-1.647770144419941,-0.6990023182132419,2.357317138277734,0,0,0,0,1,1,0,0,0,0,0,0,0,0,0,0,0,0,0
-1.6792260293647492,-1.2340208607443404,1.3607760474582808,0,0,0,0,0,0,1,0,0,0,0,0,0,1,0,0,0,0,0
-1.6792260293647492,-1.0901193217187346,1.540405711474961,0,0,0,0,0,0,0,1,0,0,1,0,0,1,0,0,0,0,0
-1.6792260293647492,-0.870116007246895,1.9298875269263605,0,0,0,0,1,1,0,0,0,0,0,0,0,0,0,0,0,0,0
-1.7190704248473563,-0.6966962038057802,2.467460588211538,0,0,0,0,1,1,0,0,0,0,0,0,0,0,0,0,0,0,0
-1.7595140065870316,-0.9088587292922504,1.9359598470899944,0,0,0,0,1,1,0,0,0,0,0,0,0,0,0,0,0,0,0
-1.8005750713976696,-1.528742282017937,1.1778146601799446,1,0,0,1,0,1,0,0,0,0,0,0,0,0,0,0,0,0,0
-1.8005750713976696,-0.5444926529133126,3.306885890495817,0,0,0,0,1,0,0,0,0,0,0,0,0,0,0,0,0,0,0
-1.8005750713976696,-0.5444926529133126,3.306885890495817,1,0,0,0,1,0,1,0,0,0,0,0,0,1,0,0,0,0,0
-1.8422727671744088,-1.4761628735278118,1.2480145654738275,0,0,0,0,1,0,1,0,0,0,0,0,0,0,0,0,0,0,0
-1.8506904501142538,0.0689337794714814,-26.847366622047804,0,1,1,0,1,0,1,0,0,0,0,0,0,0,0,0,0,0,0
-1.971391041871882,-0.9918788479608691,1.9875320921750879,0,0,0,0,1,1,0,0,0,0,0,0,0,0,0,0,0,0,0
-2.0158457317432035,-1.2686125768562648,1.5890160388750434,0,0,0,0,1,0,1,0,0,0,0,0,0,1,0,0,0,0,0
-2.0158457317432035,-0.9918788479608691,2.0323507612723395,0,0,0,0,1,0,0,1,0,0,0,0,0,1,0,0,0,0,0
-2.0158457317432035,-0.8258386106236316,2.440968133254194,0,0,0,0,1,1,0,0,0,0,0,0,0,0,0,0,1,0,0
-2.2013984377399427,-0.7981652377340921,2.7580735587902616,0,0,0,0,1,0,0,0,1,0,0,0,0,1,0,0,0,0,0
-2.2992073075723667,-1.5914685939008932,1.4447079360433468,0,0,0,0,1,0,1,0,0,0,0,0,0,1,0,0,0,0,0
-2.2992073075723667,-0.6925451978723494,3.3199382720955044,0,0,0,0,1,1,0,0,0,0,0,0,0,0,0,0,0,0,0
-2.349478818041557,-0.9964910767757924,2.35775198875181,0,0,0,0,1,1,0,0,0,0,0,0,0,0,0,0,1,0,0
-2.4007079384563252,-0.9918788479608691,2.420364083165766,1,0,0,0,1,1,0,0,0,0,0,0,0,0,0,0,0,1,0
-2.479961711665195,-1.2686125768562648,1.954861363435921,0,0,0,1,0,0,1,0,0,0,0,0,0,0,0,0,0,0,0
-2.5061899875414952,-0.7059206614356268,3.550243142685002,0,0,0,0,1,1,0,0,0,0,0,0,0,0,0,0,0,0,0
-2.5061899875414952,-1.0333889072951785,2.4252147181464023,0,0,0,0,0,0,1,0,0,0,0,0,0,0,0,0,0,0,0
-2.5061899875414952,-0.5998393986923918,4.1781016602190775,0,0,0,0,1,0,1,0,0,0,0,0,0,1,0,0,0,0,0
